host;hostname;hostname_type;protocol;port;name;state;product;extrainfo;reason;version;conf;cpe
162.159.128.7;;;tcp;80;http;open;Cloudflare http proxy;;syn-ack;;10;
162.159.128.7;;;tcp;113;ident;closed;;;conn-refused;;3;
162.159.128.7;;;tcp;443;http;open;Cloudflare http proxy;;syn-ack;;10;
162.159.128.7;;;tcp;8008;http;open;;;syn-ack;;10;
162.159.128.7;;;tcp;8080;http;open;Cloudflare http proxy;;syn-ack;;10;
162.159.128.7;;;tcp;8443;http;open;Cloudflare http proxy;;syn-ack;;10;
162.159.138.6;;;tcp;80;http;open;Cloudflare http proxy;;syn-ack;;10;
162.159.138.6;;;tcp;113;ident;closed;;;conn-refused;;3;
162.159.138.6;;;tcp;443;http;open;Cloudflare http proxy;;syn-ack;;10;
162.159.138.6;;;tcp;8008;http;open;;;syn-ack;;10;
162.159.138.6;;;tcp;8080;http;open;Cloudflare http proxy;;syn-ack;;10;
162.159.138.6;;;tcp;8443;http;open;Cloudflare http proxy;;syn-ack;;10;
178.172.163.213;178-172-163-213.hosterby.com;PTR;tcp;80;http;open;nginx;;syn-ack;;10;cpe:/a:igor_sysoev:nginx
178.172.163.213;178-172-163-213.hosterby.com;PTR;tcp;113;ident;closed;;;conn-refused;;3;
178.172.163.213;178-172-163-213.hosterby.com;PTR;tcp;443;http;open;nginx;;syn-ack;;10;cpe:/a:igor_sysoev:nginx
178.172.163.213;178-172-163-213.hosterby.com;PTR;tcp;8008;http;open;;;syn-ack;;10;
178.172.235.72;178-172-235-72.hoster.by;PTR;tcp;21;ftp;open;ProFTPD or KnFTPD;;syn-ack;;10;
178.172.235.72;178-172-235-72.hoster.by;PTR;tcp;22;ssh;open;OpenSSH;protocol 2.0;syn-ack;7.4;10;cpe:/a:openbsd:openssh:7.4
178.172.235.72;178-172-235-72.hoster.by;PTR;tcp;25;smtp;filtered;;;no-response;;3;
178.172.235.72;178-172-235-72.hoster.by;PTR;tcp;53;domain;open;ISC BIND;RedHat Enterprise Linux 7;syn-ack;9.11.4-P2;10;cpe:/o:redhat:enterprise_linux:7
178.172.235.72;178-172-235-72.hoster.by;PTR;tcp;80;http;open;nginx;;syn-ack;1.20.2;10;cpe:/a:igor_sysoev:nginx:1.20.2
178.172.235.72;178-172-235-72.hoster.by;PTR;tcp;110;pop3;open;Dovecot pop3d;;syn-ack;;10;cpe:/a:dovecot:dovecot
178.172.235.72;178-172-235-72.hoster.by;PTR;tcp;143;imap;open;Dovecot imapd;;syn-ack;;10;cpe:/a:dovecot:dovecot
178.172.235.72;178-172-235-72.hoster.by;PTR;tcp;443;http;open;nginx;;syn-ack;1.20.2;10;cpe:/a:igor_sysoev:nginx:1.20.2
178.172.235.72;178-172-235-72.hoster.by;PTR;tcp;445;microsoft-ds;filtered;;;no-response;;3;
178.172.235.72;178-172-235-72.hoster.by;PTR;tcp;465;smtp;open;Exim smtpd;;syn-ack;4.94.2;10;cpe:/a:exim:exim:4.94.2
178.172.235.72;178-172-235-72.hoster.by;PTR;tcp;587;smtp;open;Exim smtpd;;syn-ack;4.94.2;10;cpe:/a:exim:exim:4.94.2
178.172.235.72;178-172-235-72.hoster.by;PTR;tcp;593;http-rpc-epmap;filtered;;;no-response;;3;
178.172.235.72;178-172-235-72.hoster.by;PTR;tcp;993;imap;open;Dovecot imapd;;syn-ack;;10;cpe:/a:dovecot:dovecot
178.172.235.72;178-172-235-72.hoster.by;PTR;tcp;995;pop3;open;Dovecot pop3d;;syn-ack;;10;cpe:/a:dovecot:dovecot
178.172.235.72;178-172-235-72.hoster.by;PTR;tcp;8008;http;open;;;syn-ack;;10;
178.172.250.31;178-172-250-31.hosterby.com;PTR;tcp;80;http;open;nginx;;syn-ack;;10;cpe:/a:igor_sysoev:nginx
178.172.250.31;178-172-250-31.hosterby.com;PTR;tcp;113;ident;closed;;;conn-refused;;3;
178.172.250.31;178-172-250-31.hosterby.com;PTR;tcp;443;http;open;nginx;;syn-ack;;10;cpe:/a:igor_sysoev:nginx
178.172.250.31;178-172-250-31.hosterby.com;PTR;tcp;8008;http;open;;;syn-ack;;10;
178.172.250.50;178-172-250-50.hosterby.com;PTR;tcp;80;http;open;nginx;;syn-ack;1.20.2;10;cpe:/a:igor_sysoev:nginx:1.20.2
178.172.250.50;178-172-250-50.hosterby.com;PTR;tcp;113;ident;closed;;;conn-refused;;3;
178.172.250.50;178-172-250-50.hosterby.com;PTR;tcp;139;netbios-ssn;closed;;;conn-refused;;3;
178.172.250.50;178-172-250-50.hosterby.com;PTR;tcp;443;http;open;nginx;;syn-ack;1.20.2;10;cpe:/a:igor_sysoev:nginx:1.20.2
178.172.250.50;178-172-250-50.hosterby.com;PTR;tcp;593;http-rpc-epmap;closed;;;conn-refused;;3;
178.172.250.50;178-172-250-50.hosterby.com;PTR;tcp;8008;http;open;;;syn-ack;;10;
185.179.80.34;alfabank.by;PTR;tcp;80;http;open;nginx;Ubuntu;syn-ack;1.18.0;10;cpe:/o:linux:linux_kernel
185.179.80.34;alfabank.by;PTR;tcp;113;ident;closed;;;conn-refused;;3;
185.179.80.34;alfabank.by;PTR;tcp;443;http;open;nginx;Ubuntu;syn-ack;1.18.0;10;cpe:/o:linux:linux_kernel
185.179.80.34;alfabank.by;PTR;tcp;593;http-rpc-epmap;closed;;;conn-refused;;3;
185.179.80.34;alfabank.by;PTR;tcp;8008;http;open;;;syn-ack;;10;
185.179.80.34;alfabank.by;PTR;tcp;9090;zeus-admin;closed;;;conn-refused;;3;
195.50.5.41;mail01.ecom.alfabank.by;PTR;tcp;443;https;filtered;;;no-response;;3;
195.50.5.41;mail01.ecom.alfabank.by;PTR;tcp;445;microsoft-ds;filtered;;;no-response;;3;
195.50.5.41;mail01.ecom.alfabank.by;PTR;tcp;8008;http;open;;;syn-ack;;10;
195.50.5.41;mail01.ecom.alfabank.by;PTR;tcp;10000;snet-sensor-mgmt;filtered;;;no-response;;3;
195.50.5.42;rp.195.50.5.42.becloud.by;PTR;tcp;80;http;open;nginx;;syn-ack;;10;cpe:/a:igor_sysoev:nginx
195.50.5.42;rp.195.50.5.42.becloud.by;PTR;tcp;443;http;open;nginx;;syn-ack;;10;cpe:/a:igor_sysoev:nginx
195.50.5.42;rp.195.50.5.42.becloud.by;PTR;tcp;445;microsoft-ds;filtered;;;no-response;;3;
195.50.5.42;rp.195.50.5.42.becloud.by;PTR;tcp;8008;http;open;;;syn-ack;;10;
87.252.250.12;mx01.alfa-bank.by;PTR;tcp;8008;http;open;;;syn-ack;;10;
87.252.250.13;ip01.alfa-bank.by;PTR;tcp;8008;http;open;;;syn-ack;;10;
87.252.250.15;mx.alfabank.com.by;PTR;tcp;8008;http;open;;;syn-ack;;10;
87.252.250.150;87-252-250-150.alfabank.by;PTR;tcp;8008;http;open;;;syn-ack;;10;
87.252.250.158;87-252-250-158.alfabank.by;PTR;tcp;8008;http;open;;;syn-ack;;10;
87.252.250.160;87-252-250-160.alfabank.by;PTR;tcp;8008;http;open;;;syn-ack;;10;
87.252.250.161;87-252-250-161.alfabank.by;PTR;tcp;8008;http;open;;;syn-ack;;10;
87.252.250.171;87-252-250-171.alfabank.by;PTR;tcp;8008;http;open;;;syn-ack;;10;
87.252.250.172;87-252-250-172.alfabank.by;PTR;tcp;8008;http;open;;;syn-ack;;10;
87.252.250.179;87-252-250-179.alfabank.by;PTR;tcp;8008;http;open;;;syn-ack;;10;
87.252.250.181;87-252-250-181.alfabank.by;PTR;tcp;8008;http;open;;;syn-ack;;10;
87.252.250.19;87-252-250-19.alfabank.by;PTR;tcp;8008;http;open;;;syn-ack;;10;
87.252.250.21;87-252-250-21.alfabank.by;PTR;tcp;8008;http;open;;;syn-ack;;10;
87.252.250.24;87-252-250-24.alfabank.by;PTR;tcp;443;tcpwrapped;open;;;syn-ack;;8;
87.252.250.24;87-252-250-24.alfabank.by;PTR;tcp;8008;http;open;;;syn-ack;;10;
87.252.250.28;87-252-250-28.alfabank.by;PTR;tcp;8008;http;open;;;syn-ack;;10;
87.252.250.29;87-252-250-29.alfabank.by;PTR;tcp;8008;http;open;;;syn-ack;;10;
87.252.250.29;87-252-250-29.alfabank.by;PTR;tcp;8080;tcpwrapped;open;;;syn-ack;;8;
87.252.250.50;87-252-250-50.alfabank.by;PTR;tcp;8008;http;open;;;syn-ack;;10;
